reasoning_type	fn_name	test_id	num_tests	num_correct	test_acc
motion	two_motion_two_hop_jerund	0	2592	1779	0.6863425925925926
motion	two_motion_two_hop_jerund	1	2592	2028	0.7824074074074074
motion	two_motion_two_hop_jerund	2	2592	0	0.0
orientation	above_below_one_hop	0	1536	8	0.005208333333333333
orientation	above_below_one_hop	1	1536	1536	1.0
orientation	cardinals_one_hop	0	1344	199	0.1480654761904762
orientation	cardinals_one_hop	1	3072	2706	0.880859375
orientation	front_back_one_hop	0	1536	0	0.0
orientation	front_back_one_hop	1	1536	1536	1.0
orientation	left_right_one_hop	0	1152	14	0.012152777777777778
orientation	left_right_one_hop	1	1152	1142	0.9913194444444444
containment	two_hop_compare_fit_in_1	0	432	228	0.5277777777777778
containment	two_hop_compare_fit_in_1	1	432	432	1.0
containment	two_hop_compare_fit_in_2	0	360	0	0.0
containment	two_hop_compare_fit_in_2	1	360	0	0.0
containment	two_hop_compare_fit_in_3	0	72	30	0.4166666666666667
containment	two_hop_compare_fit_in_3	1	72	70	0.9722222222222222
containment	two_hop_compare_fit_in_4	2	648	0	0.0
containment	two_hop_compare_in_1	2	432	0	0.0
containment	two_hop_fit_in	0	720	392	0.5444444444444444
containment	two_hop_fit_in	1	720	720	1.0
containment	two_hop_is_in	0	720	130	0.18055555555555555
containment	two_hop_is_in	1	720	720	1.0
containment	two_hop_not_fit_in	0	144	14	0.09722222222222222
containment	two_hop_not_fit_in	1	288	288	1.0
containment	two_hop_not_in	0	1440	0	0.0
containment	two_hop_not_in	2	1440	0	0.0
