reasoning_type,fn_name,test_id,num_tests,num_correct,test_acc,size,model
motion,two_motion_two_hop_jerund,0,2592,0,0.0,17000000.0,ALBERT
motion,two_motion_two_hop_jerund,1,2592,1914,0.7384259259259259,17000000.0,ALBERT
motion,two_motion_two_hop_jerund,2,2592,1179,0.4548611111111111,17000000.0,ALBERT
orientation,above_below_one_hop,0,1536,0,0.0,17000000.0,ALBERT
orientation,above_below_one_hop,1,1536,364,0.2369791666666666,17000000.0,ALBERT
orientation,cardinals_one_hop,0,1344,0,0.0,17000000.0,ALBERT
orientation,cardinals_one_hop,1,3072,2735,0.8902994791666666,17000000.0,ALBERT
orientation,front_back_one_hop,0,1536,0,0.0,17000000.0,ALBERT
orientation,front_back_one_hop,1,1536,742,0.4830729166666667,17000000.0,ALBERT
orientation,left_right_one_hop,0,1152,20,0.0173611111111111,17000000.0,ALBERT
orientation,left_right_one_hop,1,1152,367,0.3185763888888889,17000000.0,ALBERT
containment,two_hop_compare_fit_in_1,0,432,0,0.0,17000000.0,ALBERT
containment,two_hop_compare_fit_in_1,1,432,379,0.8773148148148148,17000000.0,ALBERT
containment,two_hop_compare_fit_in_2,0,360,320,0.8888888888888888,17000000.0,ALBERT
containment,two_hop_compare_fit_in_2,1,360,360,1.0,17000000.0,ALBERT
containment,two_hop_compare_fit_in_3,0,72,0,0.0,17000000.0,ALBERT
containment,two_hop_compare_fit_in_3,1,72,0,0.0,17000000.0,ALBERT
containment,two_hop_compare_fit_in_4,2,648,345,0.5324074074074074,17000000.0,ALBERT
containment,two_hop_compare_in_1,2,432,432,1.0,17000000.0,ALBERT
containment,two_hop_fit_in,0,720,247,0.3430555555555555,17000000.0,ALBERT
containment,two_hop_fit_in,1,720,720,1.0,17000000.0,ALBERT
containment,two_hop_is_in,0,720,34,0.0472222222222222,17000000.0,ALBERT
containment,two_hop_is_in,1,720,716,0.9944444444444444,17000000.0,ALBERT
containment,two_hop_not_fit_in,0,144,26,0.1805555555555555,17000000.0,ALBERT
containment,two_hop_not_fit_in,1,288,144,0.5,17000000.0,ALBERT
containment,two_hop_not_in,0,1440,1351,0.9381944444444444,17000000.0,ALBERT
containment,two_hop_not_in,2,1440,691,0.4798611111111111,17000000.0,ALBERT
motion,two_motion_two_hop_jerund,0,2592,2316,0.8935185185185185,,
motion,two_motion_two_hop_jerund,1,2592,2122,0.8186728395061729,,
motion,two_motion_two_hop_jerund,2,2592,0,0.0,,
orientation,above_below_one_hop,0,1536,946,0.6158854166666666,,
orientation,above_below_one_hop,1,1536,1494,0.97265625,,
orientation,cardinals_one_hop,0,1344,212,0.1577380952380952,,
orientation,cardinals_one_hop,1,3072,2324,0.7565104166666666,,
orientation,front_back_one_hop,0,1536,552,0.359375,,
orientation,front_back_one_hop,1,1536,984,0.640625,,
orientation,left_right_one_hop,0,1152,369,0.3203125,,
orientation,left_right_one_hop,1,1152,1040,0.9027777777777778,,
containment,two_hop_compare_fit_in_1,0,432,34,0.0787037037037037,,
containment,two_hop_compare_fit_in_1,1,432,5,0.011574074074074,,
containment,two_hop_compare_fit_in_2,0,360,154,0.4277777777777777,,
containment,two_hop_compare_fit_in_2,1,360,7,0.0194444444444444,,
containment,two_hop_compare_fit_in_3,0,72,24,0.3333333333333333,,
containment,two_hop_compare_fit_in_3,1,72,38,0.5277777777777778,,
containment,two_hop_compare_fit_in_4,2,648,291,0.449074074074074,,
containment,two_hop_compare_in_1,2,432,8,0.0185185185185185,,
containment,two_hop_fit_in,0,720,719,0.9986111111111112,,
containment,two_hop_fit_in,1,720,720,1.0,,
containment,two_hop_is_in,0,720,633,0.8791666666666667,,
containment,two_hop_is_in,1,720,720,1.0,,
containment,two_hop_not_fit_in,0,144,130,0.9027777777777778,,
containment,two_hop_not_fit_in,1,288,265,0.9201388888888888,,
containment,two_hop_not_in,0,1440,2,0.0013888888888888,,
containment,two_hop_not_in,2,1440,0,0.0,,
motion,two_motion_two_hop_jerund,0,2592,0,0.0,6700000000.0,GPT
motion,two_motion_two_hop_jerund,1,2592,2592,1.0,6700000000.0,GPT
motion,two_motion_two_hop_jerund,2,2592,0,0.0,6700000000.0,GPT
orientation,above_below_one_hop,0,1536,0,0.0,6700000000.0,GPT
orientation,above_below_one_hop,1,1536,1536,1.0,6700000000.0,GPT
orientation,cardinals_one_hop,0,1344,0,0.0,6700000000.0,GPT
orientation,cardinals_one_hop,1,3072,3072,1.0,6700000000.0,GPT
orientation,front_back_one_hop,0,1536,0,0.0,6700000000.0,GPT
orientation,front_back_one_hop,1,1536,1536,1.0,6700000000.0,GPT
orientation,left_right_one_hop,0,1152,0,0.0,6700000000.0,GPT
orientation,left_right_one_hop,1,1152,1152,1.0,6700000000.0,GPT
containment,two_hop_compare_fit_in_1,0,432,0,0.0,6700000000.0,GPT
containment,two_hop_compare_fit_in_1,1,432,432,1.0,6700000000.0,GPT
containment,two_hop_compare_fit_in_2,0,360,0,0.0,6700000000.0,GPT
containment,two_hop_compare_fit_in_2,1,360,0,0.0,6700000000.0,GPT
containment,two_hop_compare_fit_in_3,0,72,0,0.0,6700000000.0,GPT
containment,two_hop_compare_fit_in_3,1,72,72,1.0,6700000000.0,GPT
containment,two_hop_compare_fit_in_4,2,648,0,0.0,6700000000.0,GPT
containment,two_hop_compare_in_1,2,432,0,0.0,6700000000.0,GPT
containment,two_hop_fit_in,0,720,0,0.0,6700000000.0,GPT
containment,two_hop_fit_in,1,720,720,1.0,6700000000.0,GPT
containment,two_hop_is_in,0,720,0,0.0,6700000000.0,GPT
containment,two_hop_is_in,1,720,720,1.0,6700000000.0,GPT
containment,two_hop_not_fit_in,0,144,0,0.0,6700000000.0,GPT
containment,two_hop_not_fit_in,1,288,288,1.0,6700000000.0,GPT
containment,two_hop_not_in,0,1440,0,0.0,6700000000.0,GPT
containment,two_hop_not_in,2,1440,0,0.0,6700000000.0,GPT
motion,two_motion_two_hop_jerund,0,2592,2088,0.8055555555555556,,
motion,two_motion_two_hop_jerund,1,2592,1428,0.5509259259259259,,
motion,two_motion_two_hop_jerund,2,2592,0,0.0,,
orientation,above_below_one_hop,0,1536,770,0.5013020833333334,,
orientation,above_below_one_hop,1,1536,1444,0.9401041666666666,,
orientation,cardinals_one_hop,0,1344,232,0.1726190476190476,,
orientation,cardinals_one_hop,1,3072,2958,0.962890625,,
orientation,front_back_one_hop,0,1536,100,0.0651041666666666,,
orientation,front_back_one_hop,1,1536,1436,0.9348958333333334,,
orientation,left_right_one_hop,0,1152,625,0.5425347222222222,,
orientation,left_right_one_hop,1,1152,980,0.8506944444444444,,
containment,two_hop_compare_fit_in_1,0,432,336,0.7777777777777778,,
containment,two_hop_compare_fit_in_1,1,432,291,0.6736111111111112,,
containment,two_hop_compare_fit_in_2,0,360,2,0.0055555555555555,,
containment,two_hop_compare_fit_in_2,1,360,0,0.0,,
containment,two_hop_compare_fit_in_3,0,72,31,0.4305555555555556,,
containment,two_hop_compare_fit_in_3,1,72,57,0.7916666666666666,,
containment,two_hop_compare_fit_in_4,2,648,208,0.3209876543209876,,
containment,two_hop_compare_in_1,2,432,4,0.0092592592592592,,
containment,two_hop_fit_in,0,720,709,0.9847222222222224,,
containment,two_hop_fit_in,1,720,720,1.0,,
containment,two_hop_is_in,0,720,720,1.0,,
containment,two_hop_is_in,1,720,720,1.0,,
containment,two_hop_not_fit_in,0,144,94,0.6527777777777778,,
containment,two_hop_not_fit_in,1,288,287,0.9965277777777778,,
containment,two_hop_not_in,0,1440,21,0.0145833333333333,,
containment,two_hop_not_in,2,1440,0,0.0,,
motion,two_motion_two_hop_jerund,0,2592,0,0.0,220000000.0,UnifiedQA
motion,two_motion_two_hop_jerund,1,2592,2592,1.0,220000000.0,UnifiedQA
motion,two_motion_two_hop_jerund,2,2592,0,0.0,220000000.0,UnifiedQA
orientation,above_below_one_hop,0,1536,0,0.0,220000000.0,UnifiedQA
orientation,above_below_one_hop,1,1536,1536,1.0,220000000.0,UnifiedQA
orientation,cardinals_one_hop,0,1344,0,0.0,220000000.0,UnifiedQA
orientation,cardinals_one_hop,1,3072,3072,1.0,220000000.0,UnifiedQA
orientation,front_back_one_hop,0,1536,0,0.0,220000000.0,UnifiedQA
orientation,front_back_one_hop,1,1536,1536,1.0,220000000.0,UnifiedQA
orientation,left_right_one_hop,0,1152,0,0.0,220000000.0,UnifiedQA
orientation,left_right_one_hop,1,1152,1152,1.0,220000000.0,UnifiedQA
containment,two_hop_compare_fit_in_1,0,432,0,0.0,220000000.0,UnifiedQA
containment,two_hop_compare_fit_in_1,1,432,432,1.0,220000000.0,UnifiedQA
containment,two_hop_compare_fit_in_2,0,360,0,0.0,220000000.0,UnifiedQA
containment,two_hop_compare_fit_in_2,1,360,0,0.0,220000000.0,UnifiedQA
containment,two_hop_compare_fit_in_3,0,72,0,0.0,220000000.0,UnifiedQA
containment,two_hop_compare_fit_in_3,1,72,72,1.0,220000000.0,UnifiedQA
containment,two_hop_compare_fit_in_4,2,648,0,0.0,220000000.0,UnifiedQA
containment,two_hop_compare_in_1,2,432,0,0.0,220000000.0,UnifiedQA
containment,two_hop_fit_in,0,720,0,0.0,220000000.0,UnifiedQA
containment,two_hop_fit_in,1,720,720,1.0,220000000.0,UnifiedQA
containment,two_hop_is_in,0,720,0,0.0,220000000.0,UnifiedQA
containment,two_hop_is_in,1,720,720,1.0,220000000.0,UnifiedQA
containment,two_hop_not_fit_in,0,144,0,0.0,220000000.0,UnifiedQA
containment,two_hop_not_fit_in,1,288,288,1.0,220000000.0,UnifiedQA
containment,two_hop_not_in,0,1440,0,0.0,220000000.0,UnifiedQA
containment,two_hop_not_in,2,1440,0,0.0,220000000.0,UnifiedQA
motion,two_motion_two_hop_jerund,0,2592,1944,0.75,175000000000.0,GPT
motion,two_motion_two_hop_jerund,1,2592,2160,0.8333333333333334,175000000000.0,GPT
motion,two_motion_two_hop_jerund,2,2592,720,0.2777777777777778,175000000000.0,GPT
orientation,above_below_one_hop,0,1536,768,0.5,175000000000.0,GPT
orientation,above_below_one_hop,1,1536,768,0.5,175000000000.0,GPT
orientation,cardinals_one_hop,0,1344,352,0.2619047619047619,175000000000.0,GPT
orientation,cardinals_one_hop,1,3072,1632,0.53125,175000000000.0,GPT
orientation,front_back_one_hop,0,1536,768,0.5,175000000000.0,GPT
orientation,front_back_one_hop,1,1536,768,0.5,175000000000.0,GPT
orientation,left_right_one_hop,0,1152,1152,1.0,175000000000.0,GPT
orientation,left_right_one_hop,1,1152,1152,1.0,175000000000.0,GPT
containment,two_hop_compare_fit_in_1,0,432,432,1.0,175000000000.0,GPT
containment,two_hop_compare_fit_in_1,1,432,432,1.0,175000000000.0,GPT
containment,two_hop_compare_fit_in_2,0,360,180,0.5,175000000000.0,GPT
containment,two_hop_compare_fit_in_2,1,360,180,0.5,175000000000.0,GPT
containment,two_hop_compare_fit_in_3,0,72,0,0.0,175000000000.0,GPT
containment,two_hop_compare_fit_in_3,1,72,0,0.0,175000000000.0,GPT
containment,two_hop_compare_fit_in_4,2,648,324,0.5,175000000000.0,GPT
containment,two_hop_compare_in_1,2,432,4,0.0092592592592592,175000000000.0,GPT
containment,two_hop_fit_in,0,720,716,0.9944444444444444,175000000000.0,GPT
containment,two_hop_fit_in,1,720,362,0.5027777777777778,175000000000.0,GPT
containment,two_hop_is_in,0,720,720,1.0,175000000000.0,GPT
containment,two_hop_is_in,1,720,360,0.5,175000000000.0,GPT
containment,two_hop_not_fit_in,0,144,108,0.75,175000000000.0,GPT
containment,two_hop_not_fit_in,1,288,72,0.25,175000000000.0,GPT
containment,two_hop_not_in,0,1440,1440,1.0,175000000000.0,GPT
containment,two_hop_not_in,2,1440,720,0.5,175000000000.0,GPT
motion,two_motion_two_hop_jerund,0,2592,2195,0.8468364197530864,355000000.0,RoBERTa
motion,two_motion_two_hop_jerund,1,2592,2109,0.8136574074074074,355000000.0,RoBERTa
motion,two_motion_two_hop_jerund,2,2592,0,0.0,355000000.0,RoBERTa
orientation,above_below_one_hop,0,1536,782,0.5091145833333334,355000000.0,RoBERTa
orientation,above_below_one_hop,1,1536,1536,1.0,355000000.0,RoBERTa
orientation,cardinals_one_hop,0,1344,865,0.6436011904761905,355000000.0,RoBERTa
orientation,cardinals_one_hop,1,3072,1985,0.6461588541666666,355000000.0,RoBERTa
orientation,front_back_one_hop,0,1536,644,0.4192708333333333,355000000.0,RoBERTa
orientation,front_back_one_hop,1,1536,888,0.578125,355000000.0,RoBERTa
orientation,left_right_one_hop,0,1152,704,0.6111111111111112,355000000.0,RoBERTa
orientation,left_right_one_hop,1,1152,1108,0.9618055555555556,355000000.0,RoBERTa
containment,two_hop_compare_fit_in_1,0,432,20,0.0462962962962962,355000000.0,RoBERTa
containment,two_hop_compare_fit_in_1,1,432,274,0.6342592592592593,355000000.0,RoBERTa
containment,two_hop_compare_fit_in_2,0,360,3,0.0083333333333333,355000000.0,RoBERTa
containment,two_hop_compare_fit_in_2,1,360,0,0.0,355000000.0,RoBERTa
containment,two_hop_compare_fit_in_3,0,72,14,0.1944444444444444,355000000.0,RoBERTa
containment,two_hop_compare_fit_in_3,1,72,72,1.0,355000000.0,RoBERTa
containment,two_hop_compare_fit_in_4,2,648,1,0.0015432098765432,355000000.0,RoBERTa
containment,two_hop_compare_in_1,2,432,0,0.0,355000000.0,RoBERTa
containment,two_hop_fit_in,0,720,642,0.8916666666666667,355000000.0,RoBERTa
containment,two_hop_fit_in,1,720,720,1.0,355000000.0,RoBERTa
containment,two_hop_is_in,0,720,357,0.4958333333333333,355000000.0,RoBERTa
containment,two_hop_is_in,1,720,709,0.9847222222222224,355000000.0,RoBERTa
containment,two_hop_not_fit_in,0,144,54,0.375,355000000.0,RoBERTa
containment,two_hop_not_fit_in,1,288,288,1.0,355000000.0,RoBERTa
containment,two_hop_not_in,0,1440,0,0.0,355000000.0,RoBERTa
containment,two_hop_not_in,2,1440,0,0.0,355000000.0,RoBERTa
motion,two_motion_two_hop_jerund,0,2592,2214,0.8541666666666666,700000000.0,DeBERTa
motion,two_motion_two_hop_jerund,1,2592,2174,0.8387345679012346,700000000.0,DeBERTa
motion,two_motion_two_hop_jerund,2,2592,0,0.0,700000000.0,DeBERTa
orientation,above_below_one_hop,0,1536,392,0.2552083333333333,700000000.0,DeBERTa
orientation,above_below_one_hop,1,1536,1536,1.0,700000000.0,DeBERTa
orientation,cardinals_one_hop,0,1344,307,0.228422619047619,700000000.0,DeBERTa
orientation,cardinals_one_hop,1,3072,2640,0.859375,700000000.0,DeBERTa
orientation,front_back_one_hop,0,1536,188,0.1223958333333333,700000000.0,DeBERTa
orientation,front_back_one_hop,1,1536,1348,0.8776041666666666,700000000.0,DeBERTa
orientation,left_right_one_hop,0,1152,610,0.5295138888888888,700000000.0,DeBERTa
orientation,left_right_one_hop,1,1152,1133,0.9835069444444444,700000000.0,DeBERTa
containment,two_hop_compare_fit_in_1,0,432,28,0.0648148148148148,700000000.0,DeBERTa
containment,two_hop_compare_fit_in_1,1,432,0,0.0,700000000.0,DeBERTa
containment,two_hop_compare_fit_in_2,0,360,175,0.4861111111111111,700000000.0,DeBERTa
containment,two_hop_compare_fit_in_2,1,360,0,0.0,700000000.0,DeBERTa
containment,two_hop_compare_fit_in_3,0,72,39,0.5416666666666666,700000000.0,DeBERTa
containment,two_hop_compare_fit_in_3,1,72,1,0.0138888888888888,700000000.0,DeBERTa
containment,two_hop_compare_fit_in_4,2,648,322,0.4969135802469135,700000000.0,DeBERTa
containment,two_hop_compare_in_1,2,432,0,0.0,700000000.0,DeBERTa
containment,two_hop_fit_in,0,720,562,0.7805555555555556,700000000.0,DeBERTa
containment,two_hop_fit_in,1,720,720,1.0,700000000.0,DeBERTa
containment,two_hop_is_in,0,720,489,0.6791666666666667,700000000.0,DeBERTa
containment,two_hop_is_in,1,720,720,1.0,700000000.0,DeBERTa
containment,two_hop_not_fit_in,0,144,45,0.3125,700000000.0,DeBERTa
containment,two_hop_not_fit_in,1,288,165,0.5729166666666666,700000000.0,DeBERTa
containment,two_hop_not_in,0,1440,0,0.0,700000000.0,DeBERTa
containment,two_hop_not_in,2,1440,2,0.0013888888888888,700000000.0,DeBERTa
motion,two_motion_two_hop_jerund,0,2592,1135,0.4378858024691358,13000000000.0,GPT
motion,two_motion_two_hop_jerund,1,2592,863,0.3329475308641975,13000000000.0,GPT
motion,two_motion_two_hop_jerund,2,2592,1568,0.6049382716049383,13000000000.0,GPT
orientation,above_below_one_hop,0,1536,67,0.0436197916666666,13000000000.0,GPT
orientation,above_below_one_hop,1,1536,651,0.423828125,13000000000.0,GPT
orientation,cardinals_one_hop,0,1344,1,0.0007440476190476,13000000000.0,GPT
orientation,cardinals_one_hop,1,3072,606,0.197265625,13000000000.0,GPT
orientation,front_back_one_hop,0,1536,0,0.0,13000000000.0,GPT
orientation,front_back_one_hop,1,1536,1150,0.7486979166666666,13000000000.0,GPT
orientation,left_right_one_hop,0,1152,327,0.2838541666666667,13000000000.0,GPT
orientation,left_right_one_hop,1,1152,433,0.3758680555555556,13000000000.0,GPT
containment,two_hop_compare_fit_in_1,0,432,92,0.2129629629629629,13000000000.0,GPT
containment,two_hop_compare_fit_in_1,1,432,109,0.2523148148148148,13000000000.0,GPT
containment,two_hop_compare_fit_in_2,0,360,186,0.5166666666666667,13000000000.0,GPT
containment,two_hop_compare_fit_in_2,1,360,258,0.7166666666666667,13000000000.0,GPT
containment,two_hop_compare_fit_in_3,0,72,0,0.0,13000000000.0,GPT
containment,two_hop_compare_fit_in_3,1,72,3,0.0416666666666666,13000000000.0,GPT
containment,two_hop_compare_fit_in_4,2,648,343,0.529320987654321,13000000000.0,GPT
containment,two_hop_compare_in_1,2,432,151,0.349537037037037,13000000000.0,GPT
containment,two_hop_fit_in,0,720,190,0.2638888888888889,13000000000.0,GPT
containment,two_hop_fit_in,1,720,27,0.0375,13000000000.0,GPT
containment,two_hop_is_in,0,720,245,0.3402777777777778,13000000000.0,GPT
containment,two_hop_is_in,1,720,638,0.8861111111111111,13000000000.0,GPT
containment,two_hop_not_fit_in,0,144,0,0.0,13000000000.0,GPT
containment,two_hop_not_fit_in,1,288,59,0.2048611111111111,13000000000.0,GPT
containment,two_hop_not_in,0,1440,499,0.3465277777777777,13000000000.0,GPT
containment,two_hop_not_in,2,1440,427,0.2965277777777778,13000000000.0,GPT
motion,two_motion_two_hop_jerund,0,2592,2156,0.8317901234567902,,
motion,two_motion_two_hop_jerund,1,2592,1968,0.7592592592592593,,
motion,two_motion_two_hop_jerund,2,2592,0,0.0,,
orientation,above_below_one_hop,0,1536,636,0.4140625,,
orientation,above_below_one_hop,1,1536,1428,0.9296875,,
orientation,cardinals_one_hop,0,1344,634,0.4717261904761904,,
orientation,cardinals_one_hop,1,3072,1914,0.623046875,,
orientation,front_back_one_hop,0,1536,492,0.3203125,,
orientation,front_back_one_hop,1,1536,1044,0.6796875,,
orientation,left_right_one_hop,0,1152,404,0.3506944444444444,,
orientation,left_right_one_hop,1,1152,1056,0.9166666666666666,,
containment,two_hop_compare_fit_in_1,0,432,400,0.925925925925926,,
containment,two_hop_compare_fit_in_1,1,432,287,0.6643518518518519,,
containment,two_hop_compare_fit_in_2,0,360,12,0.0333333333333333,,
containment,two_hop_compare_fit_in_2,1,360,0,0.0,,
containment,two_hop_compare_fit_in_3,0,72,27,0.375,,
containment,two_hop_compare_fit_in_3,1,72,37,0.5138888888888888,,
containment,two_hop_compare_fit_in_4,2,648,36,0.0555555555555555,,
containment,two_hop_compare_in_1,2,432,3,0.0069444444444444,,
containment,two_hop_fit_in,0,720,708,0.9833333333333332,,
containment,two_hop_fit_in,1,720,720,1.0,,
containment,two_hop_is_in,0,720,706,0.9805555555555556,,
containment,two_hop_is_in,1,720,720,1.0,,
containment,two_hop_not_fit_in,0,144,119,0.8263888888888888,,
containment,two_hop_not_fit_in,1,288,246,0.8541666666666666,,
containment,two_hop_not_in,0,1440,49,0.0340277777777777,,
containment,two_hop_not_in,2,1440,0,0.0,,
motion,two_motion_two_hop_jerund,0,2592,0,0.0,2700000000.0,GPT
motion,two_motion_two_hop_jerund,1,2592,2592,1.0,2700000000.0,GPT
motion,two_motion_two_hop_jerund,2,2592,0,0.0,2700000000.0,GPT
orientation,above_below_one_hop,0,1536,0,0.0,2700000000.0,GPT
orientation,above_below_one_hop,1,1536,1536,1.0,2700000000.0,GPT
orientation,cardinals_one_hop,0,1344,0,0.0,2700000000.0,GPT
orientation,cardinals_one_hop,1,3072,3072,1.0,2700000000.0,GPT
orientation,front_back_one_hop,0,1536,0,0.0,2700000000.0,GPT
orientation,front_back_one_hop,1,1536,1536,1.0,2700000000.0,GPT
orientation,left_right_one_hop,0,1152,0,0.0,2700000000.0,GPT
orientation,left_right_one_hop,1,1152,1152,1.0,2700000000.0,GPT
containment,two_hop_compare_fit_in_1,0,432,0,0.0,2700000000.0,GPT
containment,two_hop_compare_fit_in_1,1,432,432,1.0,2700000000.0,GPT
containment,two_hop_compare_fit_in_2,0,360,0,0.0,2700000000.0,GPT
containment,two_hop_compare_fit_in_2,1,360,0,0.0,2700000000.0,GPT
containment,two_hop_compare_fit_in_3,0,72,0,0.0,2700000000.0,GPT
containment,two_hop_compare_fit_in_3,1,72,72,1.0,2700000000.0,GPT
containment,two_hop_compare_fit_in_4,2,648,0,0.0,2700000000.0,GPT
containment,two_hop_compare_in_1,2,432,0,0.0,2700000000.0,GPT
containment,two_hop_fit_in,0,720,0,0.0,2700000000.0,GPT
containment,two_hop_fit_in,1,720,720,1.0,2700000000.0,GPT
containment,two_hop_is_in,0,720,0,0.0,2700000000.0,GPT
containment,two_hop_is_in,1,720,720,1.0,2700000000.0,GPT
containment,two_hop_not_fit_in,0,144,0,0.0,2700000000.0,GPT
containment,two_hop_not_fit_in,1,288,288,1.0,2700000000.0,GPT
containment,two_hop_not_in,0,1440,0,0.0,2700000000.0,GPT
containment,two_hop_not_in,2,1440,0,0.0,2700000000.0,GPT
motion,two_motion_two_hop_jerund,0,2592,2271,0.8761574074074074,,
motion,two_motion_two_hop_jerund,1,2592,1868,0.720679012345679,,
motion,two_motion_two_hop_jerund,2,2592,266,0.1026234567901234,,
orientation,above_below_one_hop,0,1536,546,0.35546875,,
orientation,above_below_one_hop,1,1536,1534,0.9986979166666666,,
orientation,cardinals_one_hop,0,1344,489,0.3638392857142857,,
orientation,cardinals_one_hop,1,3072,2168,0.7057291666666666,,
orientation,front_back_one_hop,0,1536,124,0.0807291666666666,,
orientation,front_back_one_hop,1,1536,1408,0.9166666666666666,,
orientation,left_right_one_hop,0,1152,575,0.4991319444444444,,
orientation,left_right_one_hop,1,1152,1144,0.9930555555555556,,
containment,two_hop_compare_fit_in_1,0,432,187,0.4328703703703703,,
containment,two_hop_compare_fit_in_1,1,432,418,0.9675925925925926,,
containment,two_hop_compare_fit_in_2,0,360,126,0.35,,
containment,two_hop_compare_fit_in_2,1,360,0,0.0,,
containment,two_hop_compare_fit_in_3,0,72,50,0.6944444444444444,,
containment,two_hop_compare_fit_in_3,1,72,60,0.8333333333333334,,
containment,two_hop_compare_fit_in_4,2,648,47,0.0725308641975308,,
containment,two_hop_compare_in_1,2,432,1,0.0023148148148148,,
containment,two_hop_fit_in,0,720,706,0.9805555555555556,,
containment,two_hop_fit_in,1,720,720,1.0,,
containment,two_hop_is_in,0,720,676,0.9388888888888888,,
containment,two_hop_is_in,1,720,720,1.0,,
containment,two_hop_not_fit_in,0,144,75,0.5208333333333334,,
containment,two_hop_not_fit_in,1,288,223,0.7743055555555556,,
containment,two_hop_not_in,0,1440,18,0.0125,,
containment,two_hop_not_in,2,1440,0,0.0,,
motion,two_motion_two_hop_jerund,0,2592,2248,0.8672839506172839,,
motion,two_motion_two_hop_jerund,1,2592,1789,0.6902006172839507,,
motion,two_motion_two_hop_jerund,2,2592,0,0.0,,
orientation,above_below_one_hop,0,1536,152,0.0989583333333333,,
orientation,above_below_one_hop,1,1536,1536,1.0,,
orientation,cardinals_one_hop,0,1344,366,0.2723214285714285,,
orientation,cardinals_one_hop,1,3072,2813,0.9156901041666666,,
orientation,front_back_one_hop,0,1536,8,0.0052083333333333,,
orientation,front_back_one_hop,1,1536,1528,0.9947916666666666,,
orientation,left_right_one_hop,0,1152,67,0.0581597222222222,,
orientation,left_right_one_hop,1,1152,1152,1.0,,
containment,two_hop_compare_fit_in_1,0,432,176,0.4074074074074074,,
containment,two_hop_compare_fit_in_1,1,432,432,1.0,,
containment,two_hop_compare_fit_in_2,0,360,0,0.0,,
containment,two_hop_compare_fit_in_2,1,360,0,0.0,,
containment,two_hop_compare_fit_in_3,0,72,24,0.3333333333333333,,
containment,two_hop_compare_fit_in_3,1,72,60,0.8333333333333334,,
containment,two_hop_compare_fit_in_4,2,648,0,0.0,,
containment,two_hop_compare_in_1,2,432,0,0.0,,
containment,two_hop_fit_in,0,720,306,0.425,,
containment,two_hop_fit_in,1,720,720,1.0,,
containment,two_hop_is_in,0,720,133,0.1847222222222222,,
containment,two_hop_is_in,1,720,720,1.0,,
containment,two_hop_not_fit_in,0,144,70,0.4861111111111111,,
containment,two_hop_not_fit_in,1,288,288,1.0,,
containment,two_hop_not_in,0,1440,0,0.0,,
containment,two_hop_not_in,2,1440,0,0.0,,
motion,two_motion_two_hop_jerund,0,2592,2263,0.873070987654321,,
motion,two_motion_two_hop_jerund,1,2592,2035,0.785108024691358,,
motion,two_motion_two_hop_jerund,2,2592,0,0.0,,
orientation,above_below_one_hop,0,1536,904,0.5885416666666666,,
orientation,above_below_one_hop,1,1536,1442,0.9388020833333334,,
orientation,cardinals_one_hop,0,1344,801,0.5959821428571429,,
orientation,cardinals_one_hop,1,3072,1828,0.5950520833333334,,
orientation,front_back_one_hop,0,1536,386,0.2513020833333333,,
orientation,front_back_one_hop,1,1536,1150,0.7486979166666666,,
orientation,left_right_one_hop,0,1152,438,0.3802083333333333,,
orientation,left_right_one_hop,1,1152,1092,0.9479166666666666,,
containment,two_hop_compare_fit_in_1,0,432,135,0.3125,,
containment,two_hop_compare_fit_in_1,1,432,59,0.136574074074074,,
containment,two_hop_compare_fit_in_2,0,360,80,0.2222222222222222,,
containment,two_hop_compare_fit_in_2,1,360,25,0.0694444444444444,,
containment,two_hop_compare_fit_in_3,0,72,54,0.75,,
containment,two_hop_compare_fit_in_3,1,72,49,0.6805555555555556,,
containment,two_hop_compare_fit_in_4,2,648,170,0.2623456790123457,,
containment,two_hop_compare_in_1,2,432,3,0.0069444444444444,,
containment,two_hop_fit_in,0,720,720,1.0,,
containment,two_hop_fit_in,1,720,720,1.0,,
containment,two_hop_is_in,0,720,702,0.975,,
containment,two_hop_is_in,1,720,720,1.0,,
containment,two_hop_not_fit_in,0,144,84,0.5833333333333334,,
containment,two_hop_not_fit_in,1,288,278,0.9652777777777778,,
containment,two_hop_not_in,0,1440,0,0.0,,
containment,two_hop_not_in,2,1440,0,0.0,,
motion,two_motion_two_hop_jerund,0,2592,2282,0.8804012345679012,3000000000.0,T5
motion,two_motion_two_hop_jerund,1,2592,2301,0.8877314814814815,3000000000.0,T5
motion,two_motion_two_hop_jerund,2,2592,0,0.0,3000000000.0,T5
orientation,above_below_one_hop,0,1536,32,0.0208333333333333,3000000000.0,T5
orientation,above_below_one_hop,1,1536,1536,1.0,3000000000.0,T5
orientation,cardinals_one_hop,0,1344,27,0.0200892857142857,3000000000.0,T5
orientation,cardinals_one_hop,1,3072,2942,0.9576822916666666,3000000000.0,T5
orientation,front_back_one_hop,0,1536,0,0.0,3000000000.0,T5
orientation,front_back_one_hop,1,1536,1536,1.0,3000000000.0,T5
orientation,left_right_one_hop,0,1152,0,0.0,3000000000.0,T5
orientation,left_right_one_hop,1,1152,1152,1.0,3000000000.0,T5
containment,two_hop_compare_fit_in_1,0,432,0,0.0,3000000000.0,T5
containment,two_hop_compare_fit_in_1,1,432,2,0.0046296296296296,3000000000.0,T5
containment,two_hop_compare_fit_in_2,0,360,1,0.0027777777777777,3000000000.0,T5
containment,two_hop_compare_fit_in_2,1,360,0,0.0,3000000000.0,T5
containment,two_hop_compare_fit_in_3,0,72,17,0.2361111111111111,3000000000.0,T5
containment,two_hop_compare_fit_in_3,1,72,28,0.3888888888888889,3000000000.0,T5
containment,two_hop_compare_fit_in_4,2,648,0,0.0,3000000000.0,T5
containment,two_hop_compare_in_1,2,432,0,0.0,3000000000.0,T5
containment,two_hop_fit_in,0,720,82,0.1138888888888888,3000000000.0,T5
containment,two_hop_fit_in,1,720,720,1.0,3000000000.0,T5
containment,two_hop_is_in,0,720,110,0.1527777777777778,3000000000.0,T5
containment,two_hop_is_in,1,720,720,1.0,3000000000.0,T5
containment,two_hop_not_fit_in,0,144,0,0.0,3000000000.0,T5
containment,two_hop_not_fit_in,1,288,288,1.0,3000000000.0,T5
containment,two_hop_not_in,0,1440,0,0.0,3000000000.0,T5
containment,two_hop_not_in,2,1440,0,0.0,3000000000.0,T5
motion,two_motion_two_hop_jerund,0,2592,2065,0.7966820987654321,770000000.0,T5
motion,two_motion_two_hop_jerund,1,2592,2107,0.8128858024691358,770000000.0,T5
motion,two_motion_two_hop_jerund,2,2592,0,0.0,770000000.0,T5
orientation,above_below_one_hop,0,1536,12,0.0078125,770000000.0,T5
orientation,above_below_one_hop,1,1536,1520,0.9895833333333334,770000000.0,T5
orientation,cardinals_one_hop,0,1344,105,0.078125,770000000.0,T5
orientation,cardinals_one_hop,1,3072,2550,0.830078125,770000000.0,T5
orientation,front_back_one_hop,0,1536,0,0.0,770000000.0,T5
orientation,front_back_one_hop,1,1536,1534,0.9986979166666666,770000000.0,T5
orientation,left_right_one_hop,0,1152,40,0.0347222222222222,770000000.0,T5
orientation,left_right_one_hop,1,1152,1148,0.9965277777777778,770000000.0,T5
containment,two_hop_compare_fit_in_1,0,432,0,0.0,770000000.0,T5
containment,two_hop_compare_fit_in_1,1,432,408,0.9444444444444444,770000000.0,T5
containment,two_hop_compare_fit_in_2,0,360,163,0.4527777777777778,770000000.0,T5
containment,two_hop_compare_fit_in_2,1,360,48,0.1333333333333333,770000000.0,T5
containment,two_hop_compare_fit_in_3,0,72,22,0.3055555555555556,770000000.0,T5
containment,two_hop_compare_fit_in_3,1,72,63,0.875,770000000.0,T5
containment,two_hop_compare_fit_in_4,2,648,10,0.015432098765432,770000000.0,T5
containment,two_hop_compare_in_1,2,432,59,0.136574074074074,770000000.0,T5
containment,two_hop_fit_in,0,720,178,0.2472222222222222,770000000.0,T5
containment,two_hop_fit_in,1,720,720,1.0,770000000.0,T5
containment,two_hop_is_in,0,720,35,0.0486111111111111,770000000.0,T5
containment,two_hop_is_in,1,720,720,1.0,770000000.0,T5
containment,two_hop_not_fit_in,0,144,124,0.8611111111111112,770000000.0,T5
containment,two_hop_not_fit_in,1,288,288,1.0,770000000.0,T5
containment,two_hop_not_in,0,1440,0,0.0,770000000.0,T5
containment,two_hop_not_in,2,1440,0,0.0,770000000.0,T5
motion,two_motion_two_hop_jerund,0,2592,2233,0.8614969135802469,,
motion,two_motion_two_hop_jerund,1,2592,1797,0.6932870370370371,,
motion,two_motion_two_hop_jerund,2,2592,80,0.0308641975308641,,
orientation,above_below_one_hop,0,1536,368,0.2395833333333333,,
orientation,above_below_one_hop,1,1536,1536,1.0,,
orientation,cardinals_one_hop,0,1344,673,0.5007440476190477,,
orientation,cardinals_one_hop,1,3072,2193,0.7138671875,,
orientation,front_back_one_hop,0,1536,330,0.21484375,,
orientation,front_back_one_hop,1,1536,1206,0.78515625,,
orientation,left_right_one_hop,0,1152,216,0.1875,,
orientation,left_right_one_hop,1,1152,1152,1.0,,
containment,two_hop_compare_fit_in_1,0,432,263,0.6087962962962963,,
containment,two_hop_compare_fit_in_1,1,432,239,0.5532407407407407,,
containment,two_hop_compare_fit_in_2,0,360,215,0.5972222222222222,,
containment,two_hop_compare_fit_in_2,1,360,0,0.0,,
containment,two_hop_compare_fit_in_3,0,72,23,0.3194444444444444,,
containment,two_hop_compare_fit_in_3,1,72,36,0.5,,
containment,two_hop_compare_fit_in_4,2,648,287,0.4429012345679012,,
containment,two_hop_compare_in_1,2,432,16,0.037037037037037,,
containment,two_hop_fit_in,0,720,692,0.9611111111111112,,
containment,two_hop_fit_in,1,720,719,0.9986111111111112,,
containment,two_hop_is_in,0,720,654,0.9083333333333332,,
containment,two_hop_is_in,1,720,720,1.0,,
containment,two_hop_not_fit_in,0,144,39,0.2708333333333333,,
containment,two_hop_not_fit_in,1,288,277,0.9618055555555556,,
containment,two_hop_not_in,0,1440,185,0.1284722222222222,,
containment,two_hop_not_in,2,1440,15,0.0104166666666666,,
motion,two_motion_two_hop_jerund,0,2592,2300,0.8873456790123457,,cross-encoder-roberta
motion,two_motion_two_hop_jerund,1,2592,1725,0.6655092592592593,,cross-encoder-roberta
motion,two_motion_two_hop_jerund,2,2592,0,0.0,,cross-encoder-roberta
orientation,above_below_one_hop,0,1536,528,0.34375,,cross-encoder-roberta
orientation,above_below_one_hop,1,1536,1378,0.8971354166666666,,cross-encoder-roberta
orientation,cardinals_one_hop,0,1344,297,0.2209821428571428,,cross-encoder-roberta
orientation,cardinals_one_hop,1,3072,2814,0.916015625,,cross-encoder-roberta
orientation,front_back_one_hop,0,1536,12,0.0078125,,cross-encoder-roberta
orientation,front_back_one_hop,1,1536,1524,0.9921875,,cross-encoder-roberta
orientation,left_right_one_hop,0,1152,556,0.4826388888888889,,cross-encoder-roberta
orientation,left_right_one_hop,1,1152,930,0.8072916666666666,,cross-encoder-roberta
containment,two_hop_compare_fit_in_1,0,432,273,0.6319444444444444,,cross-encoder-roberta
containment,two_hop_compare_fit_in_1,1,432,432,1.0,,cross-encoder-roberta
containment,two_hop_compare_fit_in_2,0,360,0,0.0,,cross-encoder-roberta
containment,two_hop_compare_fit_in_2,1,360,0,0.0,,cross-encoder-roberta
containment,two_hop_compare_fit_in_3,0,72,64,0.8888888888888888,,cross-encoder-roberta
containment,two_hop_compare_fit_in_3,1,72,72,1.0,,cross-encoder-roberta
containment,two_hop_compare_fit_in_4,2,648,0,0.0,,cross-encoder-roberta
containment,two_hop_compare_in_1,2,432,0,0.0,,cross-encoder-roberta
containment,two_hop_fit_in,0,720,720,1.0,,cross-encoder-roberta
containment,two_hop_fit_in,1,720,720,1.0,,cross-encoder-roberta
containment,two_hop_is_in,0,720,710,0.9861111111111112,,cross-encoder-roberta
containment,two_hop_is_in,1,720,720,1.0,,cross-encoder-roberta
containment,two_hop_not_fit_in,0,144,144,1.0,,cross-encoder-roberta
containment,two_hop_not_fit_in,1,288,288,1.0,,cross-encoder-roberta
containment,two_hop_not_in,0,1440,0,0.0,,cross-encoder-roberta
containment,two_hop_not_in,2,1440,0,0.0,,cross-encoder-roberta
motion,two_motion_two_hop_jerund,0,2592,1779,0.6863425925925926,220000000.0,T5
motion,two_motion_two_hop_jerund,1,2592,2028,0.7824074074074074,220000000.0,T5
motion,two_motion_two_hop_jerund,2,2592,0,0.0,220000000.0,T5
orientation,above_below_one_hop,0,1536,8,0.0052083333333333,220000000.0,T5
orientation,above_below_one_hop,1,1536,1536,1.0,220000000.0,T5
orientation,cardinals_one_hop,0,1344,199,0.1480654761904762,220000000.0,T5
orientation,cardinals_one_hop,1,3072,2706,0.880859375,220000000.0,T5
orientation,front_back_one_hop,0,1536,0,0.0,220000000.0,T5
orientation,front_back_one_hop,1,1536,1536,1.0,220000000.0,T5
orientation,left_right_one_hop,0,1152,14,0.0121527777777777,220000000.0,T5
orientation,left_right_one_hop,1,1152,1142,0.9913194444444444,220000000.0,T5
containment,two_hop_compare_fit_in_1,0,432,228,0.5277777777777778,220000000.0,T5
containment,two_hop_compare_fit_in_1,1,432,432,1.0,220000000.0,T5
containment,two_hop_compare_fit_in_2,0,360,0,0.0,220000000.0,T5
containment,two_hop_compare_fit_in_2,1,360,0,0.0,220000000.0,T5
containment,two_hop_compare_fit_in_3,0,72,30,0.4166666666666667,220000000.0,T5
containment,two_hop_compare_fit_in_3,1,72,70,0.9722222222222222,220000000.0,T5
containment,two_hop_compare_fit_in_4,2,648,0,0.0,220000000.0,T5
containment,two_hop_compare_in_1,2,432,0,0.0,220000000.0,T5
containment,two_hop_fit_in,0,720,392,0.5444444444444444,220000000.0,T5
containment,two_hop_fit_in,1,720,720,1.0,220000000.0,T5
containment,two_hop_is_in,0,720,130,0.1805555555555555,220000000.0,T5
containment,two_hop_is_in,1,720,720,1.0,220000000.0,T5
containment,two_hop_not_fit_in,0,144,14,0.0972222222222222,220000000.0,T5
containment,two_hop_not_fit_in,1,288,288,1.0,220000000.0,T5
containment,two_hop_not_in,0,1440,0,0.0,220000000.0,T5
containment,two_hop_not_in,2,1440,0,0.0,220000000.0,T5
motion,two_motion_two_hop_jerund,0,2592,2277,0.8784722222222222,350000000.0,DeBERTa
motion,two_motion_two_hop_jerund,1,2592,2081,0.8028549382716049,350000000.0,DeBERTa
motion,two_motion_two_hop_jerund,2,2592,0,0.0,350000000.0,DeBERTa
orientation,above_below_one_hop,0,1536,214,0.1393229166666666,350000000.0,DeBERTa
orientation,above_below_one_hop,1,1536,1536,1.0,350000000.0,DeBERTa
orientation,cardinals_one_hop,0,1344,634,0.4717261904761904,350000000.0,DeBERTa
orientation,cardinals_one_hop,1,3072,1752,0.5703125,350000000.0,DeBERTa
orientation,front_back_one_hop,0,1536,24,0.015625,350000000.0,DeBERTa
orientation,front_back_one_hop,1,1536,1512,0.984375,350000000.0,DeBERTa
orientation,left_right_one_hop,0,1152,327,0.2838541666666667,350000000.0,DeBERTa
orientation,left_right_one_hop,1,1152,1152,1.0,350000000.0,DeBERTa
containment,two_hop_compare_fit_in_1,0,432,137,0.3171296296296296,350000000.0,DeBERTa
containment,two_hop_compare_fit_in_1,1,432,192,0.4444444444444444,350000000.0,DeBERTa
containment,two_hop_compare_fit_in_2,0,360,271,0.7527777777777778,350000000.0,DeBERTa
containment,two_hop_compare_fit_in_2,1,360,1,0.0027777777777777,350000000.0,DeBERTa
containment,two_hop_compare_fit_in_3,0,72,33,0.4583333333333333,350000000.0,DeBERTa
containment,two_hop_compare_fit_in_3,1,72,14,0.1944444444444444,350000000.0,DeBERTa
containment,two_hop_compare_fit_in_4,2,648,158,0.2438271604938271,350000000.0,DeBERTa
containment,two_hop_compare_in_1,2,432,2,0.0046296296296296,350000000.0,DeBERTa
containment,two_hop_fit_in,0,720,584,0.8111111111111111,350000000.0,DeBERTa
containment,two_hop_fit_in,1,720,720,1.0,350000000.0,DeBERTa
containment,two_hop_is_in,0,720,311,0.4319444444444444,350000000.0,DeBERTa
containment,two_hop_is_in,1,720,720,1.0,350000000.0,DeBERTa
containment,two_hop_not_fit_in,0,144,63,0.4375,350000000.0,DeBERTa
containment,two_hop_not_fit_in,1,288,278,0.9652777777777778,350000000.0,DeBERTa
containment,two_hop_not_in,0,1440,8,0.0055555555555555,350000000.0,DeBERTa
containment,two_hop_not_in,2,1440,0,0.0,350000000.0,DeBERTa
motion,two_motion_two_hop_jerund,0,2592,2302,0.8881172839506173,,
motion,two_motion_two_hop_jerund,1,2592,1699,0.6554783950617284,,
motion,two_motion_two_hop_jerund,2,2592,44,0.0169753086419753,,
orientation,above_below_one_hop,0,1536,262,0.1705729166666666,,
orientation,above_below_one_hop,1,1536,1536,1.0,,
orientation,cardinals_one_hop,0,1344,740,0.5505952380952381,,
orientation,cardinals_one_hop,1,3072,2456,0.7994791666666666,,
orientation,front_back_one_hop,0,1536,104,0.0677083333333333,,
orientation,front_back_one_hop,1,1536,1424,0.9270833333333334,,
orientation,left_right_one_hop,0,1152,118,0.1024305555555555,,
orientation,left_right_one_hop,1,1152,1152,1.0,,
containment,two_hop_compare_fit_in_1,0,432,208,0.4814814814814814,,
containment,two_hop_compare_fit_in_1,1,432,432,1.0,,
containment,two_hop_compare_fit_in_2,0,360,1,0.0027777777777777,,
containment,two_hop_compare_fit_in_2,1,360,0,0.0,,
containment,two_hop_compare_fit_in_3,0,72,40,0.5555555555555556,,
containment,two_hop_compare_fit_in_3,1,72,57,0.7916666666666666,,
containment,two_hop_compare_fit_in_4,2,648,0,0.0,,
containment,two_hop_compare_in_1,2,432,0,0.0,,
containment,two_hop_fit_in,0,720,637,0.8847222222222222,,
containment,two_hop_fit_in,1,720,720,1.0,,
containment,two_hop_is_in,0,720,327,0.4541666666666666,,
containment,two_hop_is_in,1,720,720,1.0,,
containment,two_hop_not_fit_in,0,144,80,0.5555555555555556,,
containment,two_hop_not_fit_in,1,288,288,1.0,,
containment,two_hop_not_in,0,1440,25,0.0173611111111111,,
containment,two_hop_not_in,2,1440,0,0.0,,
motion,two_motion_two_hop_jerund,0,2592,1694,0.6535493827160493,60000000.0,T5
motion,two_motion_two_hop_jerund,1,2592,1858,0.716820987654321,60000000.0,T5
motion,two_motion_two_hop_jerund,2,2592,0,0.0,60000000.0,T5
orientation,above_below_one_hop,0,1536,768,0.5,60000000.0,T5
orientation,above_below_one_hop,1,1536,768,0.5,60000000.0,T5
orientation,cardinals_one_hop,0,1344,482,0.3586309523809524,60000000.0,T5
orientation,cardinals_one_hop,1,3072,2527,0.8225911458333334,60000000.0,T5
orientation,front_back_one_hop,0,1536,78,0.05078125,60000000.0,T5
orientation,front_back_one_hop,1,1536,1452,0.9453125,60000000.0,T5
orientation,left_right_one_hop,0,1152,768,0.6666666666666666,60000000.0,T5
orientation,left_right_one_hop,1,1152,384,0.3333333333333333,60000000.0,T5
containment,two_hop_compare_fit_in_1,0,432,432,1.0,60000000.0,T5
containment,two_hop_compare_fit_in_1,1,432,432,1.0,60000000.0,T5
containment,two_hop_compare_fit_in_2,0,360,0,0.0,60000000.0,T5
containment,two_hop_compare_fit_in_2,1,360,0,0.0,60000000.0,T5
containment,two_hop_compare_fit_in_3,0,72,72,1.0,60000000.0,T5
containment,two_hop_compare_fit_in_3,1,72,72,1.0,60000000.0,T5
containment,two_hop_compare_fit_in_4,2,648,0,0.0,60000000.0,T5
containment,two_hop_compare_in_1,2,432,0,0.0,60000000.0,T5
containment,two_hop_fit_in,0,720,719,0.9986111111111112,60000000.0,T5
containment,two_hop_fit_in,1,720,720,1.0,60000000.0,T5
containment,two_hop_is_in,0,720,720,1.0,60000000.0,T5
containment,two_hop_is_in,1,720,720,1.0,60000000.0,T5
containment,two_hop_not_fit_in,0,144,144,1.0,60000000.0,T5
containment,two_hop_not_fit_in,1,288,278,0.9652777777777778,60000000.0,T5
containment,two_hop_not_in,0,1440,0,0.0,60000000.0,T5
containment,two_hop_not_in,2,1440,0,0.0,60000000.0,T5
motion,two_motion_two_hop_jerund,0,2592,2592,1.0,770000000.0,UnifiedQA
motion,two_motion_two_hop_jerund,1,2592,0,0.0,770000000.0,UnifiedQA
motion,two_motion_two_hop_jerund,2,2592,0,0.0,770000000.0,UnifiedQA
orientation,above_below_one_hop,0,1536,1536,1.0,770000000.0,UnifiedQA
orientation,above_below_one_hop,1,1536,0,0.0,770000000.0,UnifiedQA
orientation,cardinals_one_hop,0,1344,1344,1.0,770000000.0,UnifiedQA
orientation,cardinals_one_hop,1,3072,0,0.0,770000000.0,UnifiedQA
orientation,front_back_one_hop,0,1536,1536,1.0,770000000.0,UnifiedQA
orientation,front_back_one_hop,1,1536,0,0.0,770000000.0,UnifiedQA
orientation,left_right_one_hop,0,1152,1152,1.0,770000000.0,UnifiedQA
orientation,left_right_one_hop,1,1152,0,0.0,770000000.0,UnifiedQA
containment,two_hop_compare_fit_in_1,0,432,432,1.0,770000000.0,UnifiedQA
containment,two_hop_compare_fit_in_1,1,432,0,0.0,770000000.0,UnifiedQA
containment,two_hop_compare_fit_in_2,0,360,0,0.0,770000000.0,UnifiedQA
containment,two_hop_compare_fit_in_2,1,360,0,0.0,770000000.0,UnifiedQA
containment,two_hop_compare_fit_in_3,0,72,72,1.0,770000000.0,UnifiedQA
containment,two_hop_compare_fit_in_3,1,72,0,0.0,770000000.0,UnifiedQA
containment,two_hop_compare_fit_in_4,2,648,0,0.0,770000000.0,UnifiedQA
containment,two_hop_compare_in_1,2,432,0,0.0,770000000.0,UnifiedQA
containment,two_hop_fit_in,0,720,720,1.0,770000000.0,UnifiedQA
containment,two_hop_fit_in,1,720,0,0.0,770000000.0,UnifiedQA
containment,two_hop_is_in,0,720,720,1.0,770000000.0,UnifiedQA
containment,two_hop_is_in,1,720,0,0.0,770000000.0,UnifiedQA
containment,two_hop_not_fit_in,0,144,144,1.0,770000000.0,UnifiedQA
containment,two_hop_not_fit_in,1,288,0,0.0,770000000.0,UnifiedQA
containment,two_hop_not_in,0,1440,0,0.0,770000000.0,UnifiedQA
containment,two_hop_not_in,2,1440,0,0.0,770000000.0,UnifiedQA
motion,two_motion_two_hop_jerund,0,2592,2592,1.0,3000000000.0,UnifiedQA
motion,two_motion_two_hop_jerund,1,2592,0,0.0,3000000000.0,UnifiedQA
motion,two_motion_two_hop_jerund,2,2592,0,0.0,3000000000.0,UnifiedQA
orientation,above_below_one_hop,0,1536,1536,1.0,3000000000.0,UnifiedQA
orientation,above_below_one_hop,1,1536,0,0.0,3000000000.0,UnifiedQA
orientation,cardinals_one_hop,0,1344,1344,1.0,3000000000.0,UnifiedQA
orientation,cardinals_one_hop,1,3072,0,0.0,3000000000.0,UnifiedQA
orientation,front_back_one_hop,0,1536,1536,1.0,3000000000.0,UnifiedQA
orientation,front_back_one_hop,1,1536,0,0.0,3000000000.0,UnifiedQA
orientation,left_right_one_hop,0,1152,1152,1.0,3000000000.0,UnifiedQA
orientation,left_right_one_hop,1,1152,0,0.0,3000000000.0,UnifiedQA
containment,two_hop_compare_fit_in_1,0,432,432,1.0,3000000000.0,UnifiedQA
containment,two_hop_compare_fit_in_1,1,432,0,0.0,3000000000.0,UnifiedQA
containment,two_hop_compare_fit_in_2,0,360,0,0.0,3000000000.0,UnifiedQA
containment,two_hop_compare_fit_in_2,1,360,0,0.0,3000000000.0,UnifiedQA
containment,two_hop_compare_fit_in_3,0,72,72,1.0,3000000000.0,UnifiedQA
containment,two_hop_compare_fit_in_3,1,72,2,0.0277777777777777,3000000000.0,UnifiedQA
containment,two_hop_compare_fit_in_4,2,648,0,0.0,3000000000.0,UnifiedQA
containment,two_hop_compare_in_1,2,432,0,0.0,3000000000.0,UnifiedQA
containment,two_hop_fit_in,0,720,720,1.0,3000000000.0,UnifiedQA
containment,two_hop_fit_in,1,720,26,0.0361111111111111,3000000000.0,UnifiedQA
containment,two_hop_is_in,0,720,720,1.0,3000000000.0,UnifiedQA
containment,two_hop_is_in,1,720,0,0.0,3000000000.0,UnifiedQA
containment,two_hop_not_fit_in,0,144,144,1.0,3000000000.0,UnifiedQA
containment,two_hop_not_fit_in,1,288,28,0.0972222222222222,3000000000.0,UnifiedQA
containment,two_hop_not_in,0,1440,0,0.0,3000000000.0,UnifiedQA
containment,two_hop_not_in,2,1440,0,0.0,3000000000.0,UnifiedQA
motion,two_motion_two_hop_jerund,0,2592,2190,0.8449074074074074,110000000.0,XLNet
motion,two_motion_two_hop_jerund,1,2592,1722,0.6643518518518519,110000000.0,XLNet
motion,two_motion_two_hop_jerund,2,2592,0,0.0,110000000.0,XLNet
orientation,above_below_one_hop,0,1536,642,0.41796875,110000000.0,XLNet
orientation,above_below_one_hop,1,1536,1530,0.99609375,110000000.0,XLNet
orientation,cardinals_one_hop,0,1344,322,0.2395833333333333,110000000.0,XLNet
orientation,cardinals_one_hop,1,3072,2991,0.9736328125,110000000.0,XLNet
orientation,front_back_one_hop,0,1536,0,0.0,110000000.0,XLNet
orientation,front_back_one_hop,1,1536,1536,1.0,110000000.0,XLNet
orientation,left_right_one_hop,0,1152,710,0.6163194444444444,110000000.0,XLNet
orientation,left_right_one_hop,1,1152,1008,0.875,110000000.0,XLNet
containment,two_hop_compare_fit_in_1,0,432,423,0.9791666666666666,110000000.0,XLNet
containment,two_hop_compare_fit_in_1,1,432,432,1.0,110000000.0,XLNet
containment,two_hop_compare_fit_in_2,0,360,0,0.0,110000000.0,XLNet
containment,two_hop_compare_fit_in_2,1,360,0,0.0,110000000.0,XLNet
containment,two_hop_compare_fit_in_3,0,72,72,1.0,110000000.0,XLNet
containment,two_hop_compare_fit_in_3,1,72,72,1.0,110000000.0,XLNet
containment,two_hop_compare_fit_in_4,2,648,0,0.0,110000000.0,XLNet
containment,two_hop_compare_in_1,2,432,0,0.0,110000000.0,XLNet
containment,two_hop_fit_in,0,720,720,1.0,110000000.0,XLNet
containment,two_hop_fit_in,1,720,720,1.0,110000000.0,XLNet
containment,two_hop_is_in,0,720,708,0.9833333333333332,110000000.0,XLNet
containment,two_hop_is_in,1,720,720,1.0,110000000.0,XLNet
containment,two_hop_not_fit_in,0,144,144,1.0,110000000.0,XLNet
containment,two_hop_not_fit_in,1,288,200,0.6944444444444444,110000000.0,XLNet
containment,two_hop_not_in,0,1440,0,0.0,110000000.0,XLNet
containment,two_hop_not_in,2,1440,0,0.0,110000000.0,XLNet
motion,two_motion_two_hop_jerund,0,2592,2376,0.9166666666666666,,
motion,two_motion_two_hop_jerund,1,2592,2275,0.8777006172839507,,
motion,two_motion_two_hop_jerund,2,2592,46,0.0177469135802469,,
orientation,above_below_one_hop,0,1536,718,0.4674479166666667,,
orientation,above_below_one_hop,1,1536,1502,0.9778645833333334,,
orientation,cardinals_one_hop,0,1344,136,0.1011904761904761,,
orientation,cardinals_one_hop,1,3072,599,0.1949869791666666,,
orientation,front_back_one_hop,0,1536,350,0.2278645833333333,,
orientation,front_back_one_hop,1,1536,1186,0.7721354166666666,,
orientation,left_right_one_hop,0,1152,263,0.2282986111111111,,
orientation,left_right_one_hop,1,1152,1112,0.9652777777777778,,
containment,two_hop_compare_fit_in_1,0,432,283,0.6550925925925926,,
containment,two_hop_compare_fit_in_1,1,432,22,0.0509259259259259,,
containment,two_hop_compare_fit_in_2,0,360,8,0.0222222222222222,,
containment,two_hop_compare_fit_in_2,1,360,2,0.0055555555555555,,
containment,two_hop_compare_fit_in_3,0,72,31,0.4305555555555556,,
containment,two_hop_compare_fit_in_3,1,72,1,0.0138888888888888,,
containment,two_hop_compare_fit_in_4,2,648,263,0.4058641975308642,,
containment,two_hop_compare_in_1,2,432,0,0.0,,
containment,two_hop_fit_in,0,720,720,1.0,,
containment,two_hop_fit_in,1,720,718,0.9972222222222222,,
containment,two_hop_is_in,0,720,720,1.0,,
containment,two_hop_is_in,1,720,720,1.0,,
containment,two_hop_not_fit_in,0,144,127,0.8819444444444444,,
containment,two_hop_not_fit_in,1,288,254,0.8819444444444444,,
containment,two_hop_not_in,0,1440,10,0.0069444444444444,,
containment,two_hop_not_in,2,1440,3,0.0020833333333333,,
motion,two_motion_two_hop_jerund,0,2592,2098,0.8094135802469136,86000000.0,DeBERTa
motion,two_motion_two_hop_jerund,1,2592,1885,0.7272376543209876,86000000.0,DeBERTa
motion,two_motion_two_hop_jerund,2,2592,0,0.0,86000000.0,DeBERTa
orientation,above_below_one_hop,0,1536,98,0.0638020833333333,86000000.0,DeBERTa
orientation,above_below_one_hop,1,1536,1536,1.0,86000000.0,DeBERTa
orientation,cardinals_one_hop,0,1344,464,0.3452380952380952,86000000.0,DeBERTa
orientation,cardinals_one_hop,1,3072,2770,0.9016927083333334,86000000.0,DeBERTa
orientation,front_back_one_hop,0,1536,6,0.00390625,86000000.0,DeBERTa
orientation,front_back_one_hop,1,1536,1530,0.99609375,86000000.0,DeBERTa
orientation,left_right_one_hop,0,1152,397,0.3446180555555556,86000000.0,DeBERTa
orientation,left_right_one_hop,1,1152,1130,0.9809027777777778,86000000.0,DeBERTa
containment,two_hop_compare_fit_in_1,0,432,106,0.2453703703703703,86000000.0,DeBERTa
containment,two_hop_compare_fit_in_1,1,432,412,0.9537037037037036,86000000.0,DeBERTa
containment,two_hop_compare_fit_in_2,0,360,5,0.0138888888888888,86000000.0,DeBERTa
containment,two_hop_compare_fit_in_2,1,360,0,0.0,86000000.0,DeBERTa
containment,two_hop_compare_fit_in_3,0,72,46,0.6388888888888888,86000000.0,DeBERTa
containment,two_hop_compare_fit_in_3,1,72,48,0.6666666666666666,86000000.0,DeBERTa
containment,two_hop_compare_fit_in_4,2,648,5,0.007716049382716,86000000.0,DeBERTa
containment,two_hop_compare_in_1,2,432,0,0.0,86000000.0,DeBERTa
containment,two_hop_fit_in,0,720,577,0.8013888888888889,86000000.0,DeBERTa
containment,two_hop_fit_in,1,720,720,1.0,86000000.0,DeBERTa
containment,two_hop_is_in,0,720,438,0.6083333333333333,86000000.0,DeBERTa
containment,two_hop_is_in,1,720,720,1.0,86000000.0,DeBERTa
containment,two_hop_not_fit_in,0,144,122,0.8472222222222222,86000000.0,DeBERTa
containment,two_hop_not_fit_in,1,288,272,0.9444444444444444,86000000.0,DeBERTa
containment,two_hop_not_in,0,1440,0,0.0,86000000.0,DeBERTa
containment,two_hop_not_in,2,1440,0,0.0,86000000.0,DeBERTa
motion,two_motion_two_hop_jerund,0,2592,2312,0.8919753086419753,125000000.0,RoBERTa
motion,two_motion_two_hop_jerund,1,2592,1674,0.6458333333333334,125000000.0,RoBERTa
motion,two_motion_two_hop_jerund,2,2592,0,0.0,125000000.0,RoBERTa
orientation,above_below_one_hop,0,1536,612,0.3984375,125000000.0,RoBERTa
orientation,above_below_one_hop,1,1536,1496,0.9739583333333334,125000000.0,RoBERTa
orientation,cardinals_one_hop,0,1344,746,0.5550595238095238,125000000.0,RoBERTa
orientation,cardinals_one_hop,1,3072,2452,0.7981770833333334,125000000.0,RoBERTa
orientation,front_back_one_hop,0,1536,0,0.0,125000000.0,RoBERTa
orientation,front_back_one_hop,1,1536,1536,1.0,125000000.0,RoBERTa
orientation,left_right_one_hop,0,1152,711,0.6171875,125000000.0,RoBERTa
orientation,left_right_one_hop,1,1152,914,0.7934027777777778,125000000.0,RoBERTa
containment,two_hop_compare_fit_in_1,0,432,386,0.8935185185185185,125000000.0,RoBERTa
containment,two_hop_compare_fit_in_1,1,432,415,0.960648148148148,125000000.0,RoBERTa
containment,two_hop_compare_fit_in_2,0,360,2,0.0055555555555555,125000000.0,RoBERTa
containment,two_hop_compare_fit_in_2,1,360,0,0.0,125000000.0,RoBERTa
containment,two_hop_compare_fit_in_3,0,72,71,0.9861111111111112,125000000.0,RoBERTa
containment,two_hop_compare_fit_in_3,1,72,68,0.9444444444444444,125000000.0,RoBERTa
containment,two_hop_compare_fit_in_4,2,648,0,0.0,125000000.0,RoBERTa
containment,two_hop_compare_in_1,2,432,0,0.0,125000000.0,RoBERTa
containment,two_hop_fit_in,0,720,720,1.0,125000000.0,RoBERTa
containment,two_hop_fit_in,1,720,720,1.0,125000000.0,RoBERTa
containment,two_hop_is_in,0,720,703,0.9763888888888888,125000000.0,RoBERTa
containment,two_hop_is_in,1,720,720,1.0,125000000.0,RoBERTa
containment,two_hop_not_fit_in,0,144,144,1.0,125000000.0,RoBERTa
containment,two_hop_not_fit_in,1,288,286,0.9930555555555556,125000000.0,RoBERTa
containment,two_hop_not_in,0,1440,0,0.0,125000000.0,RoBERTa
containment,two_hop_not_in,2,1440,0,0.0,125000000.0,RoBERTa
motion,two_motion_two_hop_jerund,0,2592,0,0.0,60000000.0,UnifiedQA
motion,two_motion_two_hop_jerund,1,2592,2581,0.995756172839506,60000000.0,UnifiedQA
motion,two_motion_two_hop_jerund,2,2592,31,0.0119598765432098,60000000.0,UnifiedQA
orientation,above_below_one_hop,0,1536,0,0.0,60000000.0,UnifiedQA
orientation,above_below_one_hop,1,1536,998,0.6497395833333334,60000000.0,UnifiedQA
orientation,cardinals_one_hop,0,1344,0,0.0,60000000.0,UnifiedQA
orientation,cardinals_one_hop,1,3072,3072,1.0,60000000.0,UnifiedQA
orientation,front_back_one_hop,0,1536,0,0.0,60000000.0,UnifiedQA
orientation,front_back_one_hop,1,1536,1512,0.984375,60000000.0,UnifiedQA
orientation,left_right_one_hop,0,1152,0,0.0,60000000.0,UnifiedQA
orientation,left_right_one_hop,1,1152,1152,1.0,60000000.0,UnifiedQA
containment,two_hop_compare_fit_in_1,0,432,0,0.0,60000000.0,UnifiedQA
containment,two_hop_compare_fit_in_1,1,432,432,1.0,60000000.0,UnifiedQA
containment,two_hop_compare_fit_in_2,0,360,1,0.0027777777777777,60000000.0,UnifiedQA
containment,two_hop_compare_fit_in_2,1,360,0,0.0,60000000.0,UnifiedQA
containment,two_hop_compare_fit_in_3,0,72,0,0.0,60000000.0,UnifiedQA
containment,two_hop_compare_fit_in_3,1,72,67,0.9305555555555556,60000000.0,UnifiedQA
containment,two_hop_compare_fit_in_4,2,648,24,0.037037037037037,60000000.0,UnifiedQA
containment,two_hop_compare_in_1,2,432,0,0.0,60000000.0,UnifiedQA
containment,two_hop_fit_in,0,720,0,0.0,60000000.0,UnifiedQA
containment,two_hop_fit_in,1,720,701,0.9736111111111112,60000000.0,UnifiedQA
containment,two_hop_is_in,0,720,0,0.0,60000000.0,UnifiedQA
containment,two_hop_is_in,1,720,394,0.5472222222222223,60000000.0,UnifiedQA
containment,two_hop_not_fit_in,0,144,0,0.0,60000000.0,UnifiedQA
containment,two_hop_not_fit_in,1,288,288,1.0,60000000.0,UnifiedQA
containment,two_hop_not_in,0,1440,508,0.3527777777777778,60000000.0,UnifiedQA
containment,two_hop_not_in,2,1440,188,0.1305555555555555,60000000.0,UnifiedQA
